Car Make,Car Model,Car Year,Car Mileage,Car Price
Ford,Mustang,2024,1000,48998
Smart,Fortwo,2015,39000,10599
Mazda,MX-5,2019,8000,30998
Mazda,MX-5,2018,58000,21998
Hyundai,Genesis,2013,24000,22998
Chevrolet,Corvette,2014,24000,39998
Chevrolet,Camaro,2019,22000,39998
Mazda,MX-5,2018,17000,24998
Chevrolet,Camaro,2013,16000,31998
Nissan,Z,2024,4000,48998
Fiat,124,2017,32000,19998
Scion,FR-S,2015,69000,19998
Chevrolet,Corvette,2016,9000,52998
Ford,Mustang,2024,4000,49998
Ford,Mustang,2021,41000,24998
Jaguar,F-Type,2021,14000,58998
Nissan,Z,2023,1000,44998
Dodge,Challenger,2020,28000,30998
Lexus,RC,2015,79000,23998
Nissan,370Z,2016,116000,21998
BMW,M4,2017,76000,37998
Dodge,Challenger,2022,54000,25998
Dodge,Challenger,2022,53000,25998
Dodge,Challenger,2022,37000,25998
Acura,TLX,2015,44000,20998
Mazda,MX-5,2021,27000,28998
Chevrolet,Camaro,2020,57000,28998
Chevrolet,Camaro,2020,7000,39998
Chevrolet,Corvette,2022,4000,72998
Audi,TTS,2019,14000,42998
Mercedes-Benz,CLS550,2017,44000,30998
Nissan,370Z,2020,15000,30998
Jaguar,F-Type,2016,31000,45998
Ford,Mustang,2018,65000,31998
Ford,Mustang,2023,48000,27998
Ford,Mustang,2017,24000,34998
Chevrolet,Camaro,2022,13000,41998
Volkswagen,Jetta,2019,24000,24998
Ford,Mustang,2020,49000,23998
Dodge,Charger,2023,5000,56998
Ford,Mustang,2019,6000,43998
Ford,Mustang,2020,26000,25998
Volkswagen,Eos,2015,35000,19998
Jaguar,F-Type,2017,30000,32998
Mazda,MX-5,2019,42000,24998
Smart,Fortwo,2014,77000,9998
Mini,Cooper,2013,65000,13599
Dodge,Charger,2023,13000,27998
Toyota,Supra,2022,6000,43998
Dodge,Challenger,2020,24000,24998
Acura,TLX,2015,91000,18998
Chevrolet,Corvette,2023,4000,71998
Chevrolet,Camaro,2017,83000,19998
Chevrolet,Camaro,2016,68000,20998
Acura,TLX,2015,101000,16998
Dodge,Challenger,2018,28000,29998
Dodge,Challenger,2020,8000,38998
Chevrolet,Corvette,2024,4000,69998
Dodge,Dart,2016,83000,12998
Audi,A5,2016,72000,18998
Ford,Mustang,2015,106000,17998
Audi,A5,2020,46000,31998
Porsche,718,2019,44000,50998
Chevrolet,Corvette,2023,7000,74998
Chevrolet,Camaro,2019,49000,23998
Nissan,Z,2024,23000,42998
Mercedes-Benz,SLC300,2017,32000,26998
Chevrolet,Camaro,2014,69000,19998
Chevrolet,Corvette,2015,24000,45998
Mazda,MX-5,2018,10000,23998
Mazda,MX-5,2018,26000,24998
Mazda,MX-5,2022,14000,28998
Jaguar,XF,2014,58000,18998
Scion,FR-S,2014,110000,17998
Mazda,MX-5,2021,7000,28998
Jaguar,F-Type,2024,1000,67998
Mazda,MX-5,2020,18000,26998
Ford,Mustang,2023,8000,52998
Audi,S4,2024,1000,54998
Dodge,Challenger,2020,24000,29998
Hyundai,Genesis,2015,87000,19998
Dodge,Charger,2021,23000,40998
Ford,Mustang,2015,63000,17998
Chevrolet,Camaro,2020,5000,37998
Ford,Mustang,2016,103000,24998
Dodge,Challenger,2016,71000,20998
Smart,Fortwo,2016,38000,16998
Ford,Mustang,2015,13000,34998
Dodge,Challenger,2014,53000,24998
Chevrolet,Corvette,2014,11000,42998
Nissan,Z,2024,1000,47998
Dodge,Challenger,2022,41000,26998
Mercedes-Benz,CLS550,2014,19000,30998
Infiniti,G37,2013,75000,18998
Ford,Mustang,2019,29000,26998
Mazda,MX-5,2021,11000,28998
Ford,Mustang,2015,93000,18998
Chevrolet,Corvette,2022,6000,76998
Audi,S4,2019,33000,32998
Dodge,Challenger,2020,14000,39998
Mazda,MX-5,2018,52000,20998
Audi,A5,2019,60000,25998
Dodge,Charger,2023,38000,22998
Ford,Mustang,2023,19000,37998
Chevrolet,Corvette,2023,9000,75998
Mercedes-Benz,SLC43,2017,20000,39998
Dodge,Charger,2023,3000,56998
Fiat,124,2019,8000,27998
Jaguar,XF,2018,31000,27998
Chevrolet,Camaro,2018,61000,23998
Acura,TLX,2019,51000,26998
Dodge,Challenger,2016,94000,20998
Chevrolet,Camaro,2020,9000,62998
Dodge,Challenger,2022,55000,27998
Dodge,Charger,2021,30000,44998
Chevrolet,Corvette,2024,3000,75998
BMW,Z4,2022,23000,38998
Mercedes-Benz,SLC43,2019,37000,41998
Chevrolet,Corvette,2016,22000,63998
Chevrolet,Camaro,2015,55000,20998
Chevrolet,Corvette,2023,1000,78998
Mercedes-Benz,C43,2023,19000,53998
Fiat,124,2017,38000,19998
Toyota,Supra,2020,6000,52998
Nissan,Z,2023,10000,44998
Chevrolet,Camaro,2016,16000,27998
Ford,Mustang,2023,21000,35998
Ford,Mustang,2021,49000,23998
Dodge,Challenger,2022,9000,34998
Dodge,Challenger,2022,32000,25998
Dodge,Challenger,2020,16000,38998
Chevrolet,Camaro,2015,37000,20998
BMW,Z4,2019,40000,33998
Lexus,RC,2015,44000,29998
Jaguar,XE,2017,48000,22998
Porsche,Cayman,2015,61000,57998
Mazda,MX-5,2020,51000,22998
Dodge,Dart,2016,61000,14998
Ford,Mustang,2022,55000,24998
BMW,Z4,2016,46000,23998
Ford,Mustang,2022,54000,24998
Cadillac,CT4,2020,77000,27998
Ford,Mustang,2020,51000,23998
Mini,Cooper,2015,61000,14998
Ford,Mustang,2022,50000,23998
Lexus,RC,2015,87000,23998
Chevrolet,Corvette,2023,7000,64998
Chevrolet,Camaro,2018,28000,38998
Mazda,MX-5,2024,2000,33998
Ford,Mustang,2013,53000,16998
Mini,Cooper,2021,24000,31998
Dodge,Charger,2023,2000,26998
Dodge,Challenger,2022,26000,25998
Mazda,MX-5,2016,63000,18998
Acura,TLX,2019,57000,24998
Chevrolet,Camaro,2020,7000,35998
Chevrolet,Corvette,2024,13000,67998
Chevrolet,Corvette,2023,2000,72998
Ford,Mustang,2020,17000,33998
BMW,Z4,2016,64000,28998
Acura,TLX,2015,44000,19998
Dodge,Challenger,2019,58000,21998
Nissan,370Z,2017,72000,25998
Jaguar,F-Type,2015,17000,33998
Ford,Mustang,2022,58000,24998
Ford,Mustang,2020,18000,25998
Jaguar,XE,2018,56000,20998
Mazda,MX-5,2022,9000,29998
Ford,Mustang,2023,13000,35998
Chevrolet,Corvette,2017,6000,51998
Dodge,Charger,2021,42000,36998
BMW,M550,2018,55000,35998
Mazda,MX-5,2021,53000,26998
Jaguar,XK,2014,49000,28998
Mercedes-Benz,CLS550,2014,54000,27998
Dodge,Charger,2021,30000,39998
BMW,M550,2018,57000,35998
Ford,Mustang,2020,49000,23998
Jaguar,XE,2017,42000,20998
Porsche,718,2018,32000,51998
Ford,Mustang,2013,33000,19998
Chevrolet,Camaro,2018,33000,24998
Dodge,Charger,2021,15000,41998
Chevrolet,Corvette,2020,27000,64998
Volkswagen,Jetta,2019,25000,24998
Genesis,G80,2020,40000,27998
Mazda,MX-5,2016,31000,19998
Mazda,MX-5,2022,9000,29998
Audi,RS5,2018,32000,48998
Mercedes-Benz,CLS550,2014,43000,24998
Dodge,Challenger,2019,64000,24998
Toyota,Supra,2021,20000,40998
BMW,M550,2018,47000,35998
Ford,Mustang,2019,37000,23998
Toyota,86,2017,61000,25998
Genesis,G80,2018,41000,29998
Audi,RS3,2018,34000,47998
Ford,Mustang,2018,88000,19998
Ford,Mustang,2019,60000,34998
Smart,Fortwo,2014,33000,11599
Dodge,Charger,2023,26000,25998
Mercedes-Benz,SLK250,2015,42000,22998
Mazda,MX-5,2019,9000,29998
Chevrolet,Camaro,2020,50000,23998
Hyundai,Genesis,2015,71000,19998
Mazda,MX-5,2020,10000,27998
Dodge,Challenger,2019,54000,23998
Ford,Mustang,2023,39000,26998
Scion,FR-S,2015,61000,20998
Ford,Mustang,2018,14000,28998
Dodge,Challenger,2019,60000,23998
BMW,230,2017,50000,21998
Acura,TLX,2017,106000,16998
Mazda,MX-5,2020,53000,25998
Dodge,Challenger,2022,11000,27998
Dodge,Challenger,2022,27000,26998
Dodge,Charger,2023,3000,27998
Ford,Mustang,2022,60000,22998
Dodge,Challenger,2022,54000,24998
Nissan,370Z,2018,41000,27998
Dodge,Challenger,2022,35000,25998
Acura,TLX,2019,92000,22998
Chevrolet,Camaro,2018,48000,21998
Ford,Mustang,2020,39000,24998
Chevrolet,Corvette,2023,2000,73998
Dodge,Challenger,2022,43000,26998
Dodge,Charger,2023,40000,24998
Chevrolet,Corvette,2021,11000,69998
Chevrolet,Corvette,2014,66000,37998
Lexus,RC,2016,52000,29998
Ford,Mustang,2021,53000,23998
BMW,230,2018,32000,21998
Ford,Mustang,2020,76000,23998
Ford,Mustang,2022,60000,22998
Ford,Mustang,2022,55000,24998
Audi,S5,2015,38000,28998
Dodge,Charger,2023,4000,28998
Dodge,Challenger,2015,86000,29998
Mercedes-Benz,C43,2023,18000,51998
Mazda,MX-5,2023,17000,29998
Ford,Mustang,2013,127000,14998
Ford,Mustang,2020,38000,24998
Nissan,370Z,2020,16000,34998
Ford,Mustang,2020,36000,35998
Ford,Mustang,2020,21000,28998
Audi,A5,2018,27000,25998
Dodge,Challenger,2015,90000,19998
Dodge,Challenger,2022,45000,24998
Mazda,MX-5,2013,128000,14998
Dodge,Charger,2023,20000,24998
Ford,Mustang,2020,38000,35998
Dodge,Challenger,2019,28000,29998
Mazda,MX-5,2020,20000,24998
Ford,Mustang,2022,59000,22998
Dodge,Challenger,2022,41000,24998
Ford,Mustang,2024,11000,32998
Dodge,Challenger,2020,52000,24998
Volkswagen,Jetta,2019,4000,27998
BMW,Z4,2022,16000,48998
Subaru,WRX,2023,20000,30998
Chevrolet,Camaro,2014,60000,17998
Chevrolet,Camaro,2017,64000,21998
Mazda,MX-5,2016,88000,18998
Mazda,MX-5,2021,6000,28998
Honda,CR-Z,2015,79000,15998
Nissan,370Z,2020,47000,29998
Genesis,G80,2018,53000,27998
Mercedes-Benz,SLC300,2018,24000,29998
Chevrolet,Corvette,2020,2000,72998
Smart,Fortwo,2014,62000,10599
Jaguar,XF,2017,47000,20998
Mazda,MX-5,2017,22000,20998
Chevrolet,Camaro,2020,53000,33998
Nissan,370Z,2014,125000,18998
Jaguar,XE,2017,50000,18998
Dodge,Charger,2021,29000,40998
Dodge,Charger,2023,37000,23998
Chevrolet,Camaro,2020,39000,27998
Ford,Mustang,2024,1000,50998
Genesis,G80,2017,82000,21998
Mazda,MX-5,2017,83000,18998
Chevrolet,Camaro,2020,45000,34998
Mazda,MX-5,2021,18000,25998
Ford,Mustang,2022,54000,24998
Lexus,RC,2016,123000,24998
Acura,TLX,2020,71000,27998
Mazda,MX-5,2023,19000,27998
Mazda,MX-5,2021,31000,24998
Porsche,Cayman,2016,34000,55998
Jaguar,F-Type,2015,21000,36998
Chevrolet,Corvette,2016,28000,60998
Cadillac,CT4-V,2023,25000,42998
Dodge,Charger,2023,4000,26998
Ford,Mustang,2020,47000,23998
Nissan,370Z,2017,43000,27998
Nissan,370Z,2017,92000,22998
Dodge,Challenger,2018,43000,24998
Chevrolet,Camaro,2014,49000,21998
Audi,A5,2018,65000,22998
Audi,S3,2016,87000,21998
Mazda,MX-5,2021,54000,23998
Ford,Mustang,2020,3000,36998
Ford,Mustang,2017,65000,19998
Mazda,MX-5,2022,24000,25998
Dodge,Challenger,2019,56000,24998
Dodge,Challenger,2022,38000,24998
Mazda,MX-5,2021,6000,29998
Mazda,MX-5,2022,11000,27998
Chevrolet,Corvette,2019,27000,50998
Mazda,MX-5,2016,59000,18998
Dodge,Challenger,2022,37000,25998
Ford,Mustang,2020,35000,26998
Mercedes-Benz,SL63,2018,14000,77998
Mazda,MX-5,2017,16000,24998
Lexus,RC,2015,69000,26998
Audi,A5,2018,27000,25998
Dodge,Charger,2023,23000,24998
Chevrolet,Corvette,2022,5000,69998
Dodge,Charger,2023,17000,25998
Subaru,WRX,2023,14000,30998
Dodge,Challenger,2022,15000,25998
Acura,TLX,2020,35000,22998
Mazda,MX-5,2019,35000,24998
Dodge,Challenger,2022,26000,27998
Dodge,Challenger,2018,35000,24998
Mazda,MX-5,2022,3000,29998
Jaguar,F-Type,2020,6000,63998
Mazda,MX-5,2013,26000,20998
Acura,TLX,2018,44000,21998
Jaguar,XE,2020,18000,25998
Ford,Mustang,2020,59000,22998
Dodge,Charger,2023,4000,26998
Chevrolet,Corvette,2022,11000,70998
Jaguar,F-Type,2020,41000,36998
BMW,Z4,2023,10000,47998
Chevrolet,Corvette,2023,9000,74998
Mazda,MX-5,2021,46000,24998
Dodge,Challenger,2022,39000,25998
Chevrolet,Corvette,2023,3000,69998
Mazda,MX-5,2014,111000,14998
Lexus,RC,2016,109000,25998
Mazda,MX-5,2020,60000,22998
Chevrolet,Corvette,2023,15000,72998
Dodge,Charger,2023,18000,26998
Mercedes-Benz,SLC300,2017,17000,30998
Dodge,Charger,2021,24000,42998
Ford,Mustang,2021,63000,22998
Nissan,370Z,2016,32000,25998
Dodge,Dart,2015,56000,14998
Ford,Mustang,2020,31000,31998
Mazda,MX-5,2019,39000,24998
Lexus,RC,2015,33000,29998
Chevrolet,Camaro,2020,48000,34998
Chevrolet,Corvette,2022,5000,80998
Chevrolet,Camaro,2018,45000,56998
BMW,Z4,2015,65000,26998
Chevrolet,Corvette,2022,14000,77998
Chevrolet,Corvette,2023,3000,63998
Dodge,Challenger,2018,25000,26998
Dodge,Challenger,2020,57000,22998
Toyota,Supra,2021,10000,41998
Dodge,Challenger,2020,33000,24998
Mazda,MX-5,2022,8000,29998
Volkswagen,Golf,2024,3000,44998
Ford,Mustang,2019,38000,32998
Chevrolet,Camaro,2017,79000,21998
Audi,S3,2017,83000,22998
Cadillac,CT4-V,2023,2000,63998
BMW,Z4,2016,15000,34998
Chevrolet,Corvette,2023,11000,74998
Mazda,MX-5,2018,60000,20998
Dodge,Challenger,2019,49000,23998
Genesis,G80,2017,92000,19998
BMW,M4,2015,56000,39998
Smart,Fortwo,2014,27000,12998
Ford,Mustang,2024,2000,50998
Chevrolet,Corvette,2016,22000,49998
Chevrolet,Corvette,2015,74000,34998
Mazda,MX-5,2021,38000,26998
Volkswagen,Golf,2024,1000,46998
Mazda,MX-5,2023,6000,31998
Jaguar,F-Type,2017,48000,30998
Mazda,MX-5,2014,92000,18998
Porsche,911,2020,52000,91998
Dodge,Challenger,2022,50000,23998
Audi,S5,2020,31000,43998
Dodge,Charger,2023,6000,25998
Mazda,MX-5,2021,36000,24998
Dodge,Charger,2021,5000,45998
Acura,TLX,2017,93000,19998
Genesis,G80,2020,26000,28998
Dodge,Charger,2023,5000,55998
Dodge,Challenger,2016,124000,18998
Mazda,MX-5,2022,14000,25998
Dodge,Charger,2018,66000,21998
Dodge,Challenger,2020,42000,23998
Chevrolet,Camaro,2020,62000,24998
Mazda,MX-5,2016,30000,20998
Honda,CR-Z,2014,105000,14599
Lexus,RC,2016,72000,29998
Mazda,MX-5,2017,50000,20998
Chevrolet,Camaro,2018,26000,36998
Chevrolet,Corvette,2015,13000,66998
Ford,Mustang,2019,24000,22998
Chevrolet,Corvette,2016,52000,39998
Mazda,MX-5,2016,94000,18998
Dodge,Challenger,2018,25000,27998
Dodge,Challenger,2020,36000,25998
Mazda,MX-5,2019,51000,23998
Ford,Mustang,2021,57000,24998
Acura,TLX,2015,81000,19998
Ford,Mustang,2018,18000,54998
Chevrolet,Camaro,2021,33000,28998
Mazda,MX-5,2020,8000,28998
Fiat,124,2017,83000,16998
Mazda,MX-5,2020,17000,28998
Ford,Mustang,2022,60000,23998
Mazda,MX-5,2020,19000,26998
Chevrolet,Corvette,2023,12000,71998
Mercedes-Benz,SLK300,2016,43000,23998
Chevrolet,Camaro,2017,27000,35998
Mazda,MX-5,2019,35000,26998
Dodge,Challenger,2017,49000,22998
Ford,Mustang,2022,60000,24998
Cadillac,CT4-V,2023,24000,44998
Audi,A5,2018,36000,27998
Ford,Mustang,2022,60000,24998
BMW,Z4,2020,32000,34998
Ford,Mustang,2016,81000,18998
Chevrolet,Corvette,2023,11000,67998
Dodge,Challenger,2019,58000,23998
Honda,CR-Z,2014,67000,16998
BMW,M2,2020,50000,48998
Dodge,Charger,2023,34000,26998
Chevrolet,Camaro,2013,79000,15998
BMW,M240,2020,40000,32998
Lexus,RC,2016,23000,30998
Dodge,Challenger,2019,37000,29998
Nissan,370Z,2019,22000,32998
Mazda,MX-5,2020,27000,23998
Jaguar,F-Type,2017,46000,30998
Chevrolet,Corvette,2015,2000,48998
Dodge,Challenger,2019,88000,22998
Dodge,Charger,2021,29000,41998
Mazda,MX-5,2020,11000,27998
Dodge,Charger,2023,47000,24998
Chevrolet,Camaro,2018,65000,22998
Dodge,Challenger,2018,96000,20998
Mazda,MX-5,2023,8000,29998
Dodge,Charger,2023,32000,26998
Ford,Mustang,2022,58000,24998
Dodge,Charger,2023,30000,25998
Ford,Mustang,2022,57000,24998
Mazda,MX-5,2014,39000,20998
Jaguar,XE,2018,64000,18998
Ford,Mustang,2016,74000,19998
Dodge,Challenger,2022,56000,25998
Dodge,Challenger,2018,5000,28998
Dodge,Challenger,2022,21000,27998
Dodge,Challenger,2019,37000,25998
Chevrolet,Corvette,2021,8000,65998
Mazda,MX-5,2014,94000,16998
Genesis,G80,2017,69000,21998
Cadillac,CT4-V,2023,15000,46998
Ford,Mustang,2020,41000,24998
Dodge,Charger,2021,46000,38998
Dodge,Challenger,2018,69000,22998
Chevrolet,Camaro,2014,25000,42998
Dodge,Charger,2023,25000,26998
Genesis,G80,2020,57000,24998
Ford,Mustang,2020,30000,26998
Mazda,MX-5,2022,7000,29998
Scion,tC,2014,76000,16998
Nissan,Z,2023,4000,46998
Ford,Mustang,2024,12000,33998
Dodge,Charger,2023,12000,24998
Volkswagen,Jetta,2019,56000,20998
Dodge,Challenger,2015,9000,26998
Acura,TLX,2017,89000,19998
BMW,Z4,2020,17000,36998
Mazda,MX-5,2023,25000,26998
Jaguar,XKR,2014,25000,36998
Mazda,MX-5,2022,14000,27998
Scion,FR-S,2016,98000,17998
Scion,tC,2014,59000,16998
Fiat,124,2018,22000,21998
Chevrolet,Camaro,2015,78000,17998
Ford,Mustang,2020,29000,38998
Ford,Mustang,2024,4000,48998
Mazda,MX-5,2016,64000,19998
Jaguar,F-Type,2020,12000,64998
Ford,Mustang,2020,22000,36998
Ford,Mustang,2022,55000,23998
BMW,Z4,2020,8000,39998
Jaguar,F-Type,2021,35000,40998
Dodge,Challenger,2019,37000,29998
Dodge,Dart,2015,110000,11599
Chevrolet,Corvette,2014,23000,42998
Acura,TLX,2018,44000,24998
Chevrolet,Corvette,2022,9000,76998
Ford,Mustang,2023,45000,27998
Chevrolet,Camaro,2023,3000,72998
Mercedes-Benz,SLC43,2020,22000,44998
Dodge,Charger,2021,31000,39998
Dodge,Challenger,2015,80000,20998
Volkswagen,GTI,2016,79000,17998
Jaguar,F-Type,2014,17000,30998
Porsche,718,2024,13000,66998
Fiat,124,2018,47000,19998
Ford,Mustang,2020,29000,27998
Ford,Mustang,2023,40000,27998
Chevrolet,Corvette,2023,2000,81998
Porsche,Panamera,2018,35000,55998
Ford,Mustang,2022,40000,26998
Chevrolet,Corvette,2019,12000,63998
Nissan,370Z,2013,61000,23998
Jaguar,F-Type,2019,14000,41998
Ford,Mustang,2023,11000,29998
BMW,230,2017,69000,18998
Chevrolet,Corvette,2019,20000,48998
Jaguar,F-Type,2021,33000,38998
Jaguar,XE,2017,35000,19998
Ford,Mustang,2024,16000,47998
Chevrolet,Corvette,2017,31000,42998
Porsche,718,2017,43000,47998
Chevrolet,Corvette,2022,18000,64998
Chevrolet,Camaro,2021,22000,39998
Dodge,Challenger,2022,27000,25998
Ford,Mustang,2024,10000,47998
Genesis,G80,2017,57000,22998
Toyota,86,2019,10000,28998
Ford,Mustang,2019,16000,42998
Audi,e-tron,2023,14000,68998
Dodge,Challenger,2019,37000,25998
Acura,TLX,2018,104000,17998
Ford,Mustang,2021,40000,24998
Audi,TT,2019,37000,32998
Smart,Fortwo,2017,50000,14998
Scion,FR-S,2014,54000,19998
Ford,Mustang,2024,12000,34998
Mazda,MX-5,2020,41000,26998
Acura,TLX,2015,86000,17998
Cadillac,CT4,2020,39000,31998
Subaru,WRX,2023,18000,28998
Dodge,Charger,2023,2000,27998
Dodge,Challenger,2016,114000,20998
Mazda,MX-5,2016,20000,21998
Acura,TLX,2016,110000,17998
Porsche,Panamera,2019,26000,65998
Nissan,370Z,2017,53000,24998
Jaguar,F-Type,2015,39000,42998
Mazda,MX-5,2023,3000,29998
BMW,Z4,2022,14000,44998
Toyota,86,2017,67000,23998
Dodge,Challenger,2017,102000,19998
Ford,Mustang,2020,35000,32998
Mazda,MX-5,2015,56000,19998
Mazda,MX-5,2016,41000,20998
Ford,Mustang,2023,41000,26998
Mazda,MX-5,2016,76000,18998
Ford,Mustang,2023,14000,38998
Chevrolet,Camaro,2018,72000,31998
Scion,tC,2013,128000,11998
Genesis,G80,2020,18000,33998
Audi,S4,2019,43000,32998
BMW,Z4,2015,32000,24998
Chevrolet,Corvette,2024,2000,70998
Toyota,Supra,2023,41000,52998
Mazda,MX-5,2016,8000,21998
Mazda,MX-5,2016,7000,23998
Dodge,Challenger,2015,85000,19998
Dodge,Charger,2021,33000,40998
Jaguar,F-Type,2016,12000,51998
Mazda,MX-5,2015,61000,17998
Toyota,Supra,2024,3000,63998
Dodge,Challenger,2016,52000,20998
Porsche,718,2022,28000,60998
Ford,Mustang,2020,94000,19998
Chevrolet,Camaro,2020,46000,25998
Genesis,G80,2017,104000,18998
Dodge,Challenger,2022,27000,27998
Ford,Mustang,2021,74000,23998
Audi,RS5,2018,36000,49998
Chevrolet,Corvette,2022,6000,80998
BMW,Z4,2020,30000,34998
Ford,Mustang,2024,4000,32998
Mercedes-Benz,SLK250,2014,35000,22998
Mercedes-Benz,SL400,2015,37000,31998
Acura,TLX,2020,48000,24998
Lexus,RC,2015,47000,28998
Dodge,Challenger,2019,45000,30998
Chevrolet,Camaro,2018,51000,22998
Dodge,Challenger,2022,59000,24998
Chevrolet,Camaro,2022,28000,29998
Mercedes-Benz,SLK250,2015,38000,23998
Mazda,MX-5,2020,10000,25998
Chevrolet,Corvette,2017,59000,43998
BMW,230,2020,30000,24998
Dodge,Challenger,2019,56000,26998
Ford,Mustang,2022,54000,24998
Ford,Mustang,2016,35000,27998
Lexus,LC,2019,29000,69998
BMW,Z4,2020,18000,33998
Dodge,Challenger,2019,31000,26998
Chevrolet,Corvette,2016,23000,46998
Chevrolet,Corvette,2023,5000,74998
Dodge,Challenger,2022,32000,25998
BMW,M4,2018,43000,48998
Porsche,Panamera,2017,30000,52998
Audi,RS5,2019,25000,48998
Ford,Mustang,2024,9000,32998
Lexus,LC,2020,59000,63998
Dodge,Challenger,2016,123000,20998
Ford,Mustang,2020,18000,76998
Ford,Mustang,2022,8000,34998
Toyota,Supra,2021,43000,48998
Chevrolet,Corvette,2019,5000,61998
Subaru,WRX,2023,9000,32998
Chevrolet,Corvette,2015,72000,33998
Ford,Mustang,2024,8000,43998
Acura,TLX,2015,70000,18998
Chevrolet,Camaro,2019,25000,55998
Dodge,Challenger,2020,32000,26998
BMW,M240,2019,30000,32998
Chevrolet,Corvette,2024,1000,82998
Chevrolet,Camaro,2017,75000,23998
Dodge,Challenger,2014,102000,18998
Mazda,MX-5,2022,3000,28998
Ford,Mustang,2015,73000,16998
Chevrolet,Camaro,2015,74000,17998
Chevrolet,Camaro,2014,52000,19998
Dodge,Charger,2023,59000,21998
Ford,Mustang,2018,71000,28998
Acura,TLX,2020,55000,24998
Chevrolet,Corvette,2022,16000,71998
Chevrolet,Corvette,2016,14000,47998
Chevrolet,Camaro,2018,29000,37998
Jaguar,XE,2017,70000,18998
Chevrolet,Corvette,2020,24000,64998
Chevrolet,Corvette,2014,27000,38998
BMW,M2,2018,46000,40998
Lexus,RC,2017,23000,47998
Dodge,Charger,2021,17000,43998
Fiat,124,2018,8000,26998
Ford,Mustang,2024,4000,50998
Ford,Mustang,2020,9000,24998
Smart,Fortwo,2015,47000,10599
Jaguar,F-Type,2016,22000,47998
Mazda,MX-5,2013,31000,19998
Mazda,MX-5,2022,5000,30998
Volkswagen,Jetta,2019,66000,21998
Ford,Mustang,2013,91000,15998
Mazda,MX-5,2017,34000,21998
Mazda,MX-5,2019,51000,24998
Audi,A5,2016,67000,18998
Ford,Mustang,2024,6000,48998
Ford,Mustang,2021,31000,36998
Acura,TLX,2015,47000,20998
Chevrolet,Corvette,2015,28000,43998
Smart,Fortwo,2015,75000,8998
Dodge,Challenger,2022,60000,25998
Ford,Mustang,2021,52000,23998
Dodge,Charger,2018,58000,22998
Acura,TLX,2018,80000,19998
Dodge,Challenger,2017,89000,19998
Porsche,718,2019,25000,53998
Acura,TLX,2018,39000,22998
Chevrolet,Corvette,2014,12000,42998
Chevrolet,Camaro,2020,30000,26998
Chevrolet,Corvette,2014,18000,41998
BMW,M4,2020,39000,53998
Dodge,Challenger,2016,32000,35998
Jaguar,F-Type,2014,43000,27998
Dodge,Dart,2015,80000,12998
Ford,Mustang,2017,70000,19998
Chevrolet,Corvette,2021,10000,69998
Mazda,MX-5,2021,7000,28998
Porsche,Panamera,2018,49000,45998
Dodge,Challenger,2019,67000,23998
Genesis,G80,2018,33000,29998
Toyota,Supra,2021,4000,42998
Porsche,718,2017,31000,47998
Scion,tC,2014,88000,14599
BMW,230,2020,45000,23998
Mazda,MX-5,2019,20000,27998
Ford,Mustang,2019,29000,36998
Ford,Mustang,2020,7000,39998
Mercedes-Benz,C43,2023,6000,53998
Mazda,MX-5,2022,20000,27998
Audi,A5,2018,50000,23998
Ford,Mustang,2024,5000,45998
Jaguar,F-Type,2015,20000,41998
Smart,Fortwo,2014,32000,10599
Chevrolet,Camaro,2017,79000,20998
Chevrolet,Camaro,2015,22000,19998
Volkswagen,Jetta,2019,42000,20998
Ford,Mustang,2020,23000,24998
Ford,Mustang,2020,57000,22998
Chevrolet,Corvette,2019,36000,51998
Porsche,718,2023,6000,63998
Dodge,Challenger,2022,54000,24998
Chevrolet,Camaro,2020,39000,27998
Dodge,Challenger,2022,25000,24998
Chevrolet,Camaro,2020,44000,24998
Chevrolet,Camaro,2018,23000,25998
Chevrolet,Corvette,2017,24000,64998
Mazda,MX-5,2019,59000,22998
Mazda,MX-5,2019,52000,22998
Nissan,370Z,2020,50000,28998
Mazda,MX-5,2016,55000,19998
Dodge,Charger,2023,40000,21998
BMW,M2,2020,17000,51998
Chevrolet,Corvette,2023,40000,64998
Mazda,MX-5,2021,20000,28998
Chevrolet,Corvette,2021,23000,69998
Ford,Mustang,2015,98000,16998
Jaguar,F-Type,2022,27000,64998
Acura,TLX,2018,88000,19998
Mazda,MX-5,2021,13000,29998
Chevrolet,Corvette,2024,1000,75998
Chevrolet,Corvette,2022,14000,70998
Genesis,G80,2020,33000,30998
Ford,Mustang,2017,39000,31998
Ford,Mustang,2022,59000,23998
Chevrolet,Camaro,2020,42000,23998
Chevrolet,Camaro,2019,28000,58998
Dodge,Challenger,2020,49000,21998
Toyota,Supra,2022,18000,52998
Genesis,G80,2020,33000,26998
Jaguar,F-Type,2018,38000,32998
Chevrolet,Corvette,2017,22000,48998
Mazda,MX-5,2023,5000,32998
Porsche,Boxster,2014,53000,41998
Mazda,MX-5,2024,1000,30998
Honda,CR-Z,2015,66000,14998
Dodge,Challenger,2022,49000,23998
Mazda,MX-5,2016,59000,19998
Jaguar,XF,2018,16000,26998
Ford,Mustang,2023,12000,25998
Ford,Mustang,2017,30000,52998
Ford,Mustang,2018,10000,56998
Ford,Mustang,2020,37000,23998
Chevrolet,Corvette,2018,48000,64998
Mazda,MX-5,2021,23000,26998
Jaguar,F-Type,2021,19000,42998
Toyota,Supra,2022,17000,55998
Ford,Mustang,2021,21000,31998
BMW,M3,2018,50000,50998
Volkswagen,Jetta,2019,52000,18998
Ford,Mustang,2024,7000,34998
Ford,Mustang,2024,13000,33998
Smart,Fortwo,2015,53000,9998
Ford,Mustang,2020,51000,20998
Ford,Mustang,2021,52000,19998
Dodge,Challenger,2022,45000,22998
Ford,Mustang,2020,52000,18998
Mazda,MX-5,2016,86000,17998
Jaguar,XE,2018,41000,24998
Ford,Mustang,2021,51000,18998
Chevrolet,Camaro,2020,56000,25998
Dodge,Challenger,2016,101000,17998
Dodge,Challenger,2022,46000,25998
Dodge,Challenger,2022,44000,25998
Dodge,Challenger,2019,39000,21998
Dodge,Charger,2023,47000,22998
Dodge,Challenger,2022,48000,23998
Dodge,Challenger,2017,24000,23998
Ford,Mustang,2020,51000,19998
Chevrolet,Camaro,2020,54000,25998
Ford,Mustang,2020,52000,19998
Mini,Cooper,2014,22000,17998
BMW,640,2017,19000,28998
Chevrolet,Corvette,2015,9000,68998
Chevrolet,Camaro,2020,51000,22998
Chevrolet,Corvette,2019,18000,45998
Dodge,Challenger,2022,48000,23998
Volkswagen,Jetta,2019,50000,22998
Ford,Mustang,2020,69000,18998
Chevrolet,Camaro,2015,81000,16998
Dodge,Challenger,2014,64000,22998
Ford,Mustang,2016,97000,15998
Ford,Mustang,2015,65000,24998
Dodge,Charger,2021,35000,38998
Mazda,MX-5,2016,14000,19998
Mazda,MX-5,2023,4000,29998
Chevrolet,Corvette,2019,32000,46998
Audi,S6,2020,33000,45998
Dodge,Challenger,2014,70000,17998
Mazda,MX-5,2013,56000,16998
Dodge,Challenger,2013,96000,15998
Mazda,MX-5,2020,10000,26998
Chevrolet,Camaro,2020,6000,29998
Dodge,Challenger,2014,127000,13998
Dodge,Challenger,2014,117000,17998
Hyundai,Genesis,2014,69000,17998
Dodge,Challenger,2017,82000,17998
Chevrolet,Camaro,2018,47000,31998
Dodge,Challenger,2019,90000,18998
Acura,TLX,2015,78000,16998
Chevrolet,Camaro,2014,88000,16998
Ford,Mustang,2015,69000,18998
Ford,Mustang,2016,88000,17998
Chevrolet,Camaro,2018,43000,20998
Chevrolet,Corvette,2024,8000,64998
Toyota,86,2018,57000,22998
Porsche,718,2017,18000,58998
Chevrolet,Corvette,2022,8000,69998
Mazda,MX-5,2013,75000,16998
Mazda,MX-5,2021,25000,25998
Jaguar,XE,2019,45000,18998
Chevrolet,Camaro,2018,22000,23998
Chevrolet,Camaro,2019,35000,23998
Chevrolet,Camaro,2018,14000,26998
Ford,Mustang,2015,84000,16998
Jaguar,XE,2018,61000,16998
Fiat,124,2017,33000,21998
Mazda,MX-5,2019,50000,21998
Lexus,LC,2018,58000,56998
Jaguar,XE,2019,48000,19998
Chevrolet,Corvette,2020,14000,65998
Dodge,Charger,2021,29000,43998
Jaguar,F-Type,2018,50000,26998
Nissan,370Z,2014,35000,25998
Dodge,Challenger,2019,58000,22998
Dodge,Charger,2018,70000,20998
Chevrolet,Camaro,2015,78000,23998
Chevrolet,Corvette,2022,5000,71998
Jaguar,XE,2019,62000,19998
Dodge,Challenger,2016,26000,20998
Chevrolet,Camaro,2020,4000,41998
Chevrolet,Corvette,2022,9000,71998
Chevrolet,Corvette,2016,23000,44998
Mazda,MX-5,2018,53000,20998
Acura,TLX,2018,104000,20998
Honda,CR-Z,2014,93000,13599
Nissan,370Z,2016,66000,22998
Ford,Mustang,2016,83000,17998
Ford,Mustang,2013,78000,15998
Nissan,370Z,2016,55000,25998
Porsche,Panamera,2017,25000,46998
Porsche,Panamera,2019,50000,47998
Ford,Mustang,2019,42000,21998
Toyota,86,2020,42000,25998
Dodge,Challenger,2019,37000,22998
Acura,TLX,2015,60000,19998
Ford,Mustang,2022,69000,21998
BMW,M4,2020,25000,53998
Porsche,718,2017,25000,47998
Nissan,370Z,2015,63000,22998
Toyota,86,2017,116000,18998
Mazda,MX-5,2020,30000,24998
Dodge,Challenger,2017,37000,33998
Dodge,Dart,2016,53000,13998
Chevrolet,Camaro,2016,34000,33998
Dodge,Challenger,2019,39000,29998
Chevrolet,Corvette,2014,42000,38998
Jaguar,XE,2019,57000,19998
Audi,S5,2014,36000,26998
Chevrolet,Corvette,2017,57000,39998
Chevrolet,Corvette,2021,2000,74998
Chevrolet,Camaro,2020,28000,41998
Chevrolet,Corvette,2016,16000,42998
Chevrolet,Corvette,2020,27000,62998
Mazda,MX-5,2020,18000,22998
Mazda,MX-5,2015,37000,18998
Fiat,124,2017,19000,21998
Chevrolet,Camaro,2018,44000,20998
Audi,A5,2018,59000,20998
Lexus,RC,2015,122000,19998
Ford,Mustang,2020,48000,22998
Ford,Mustang,2020,51000,20998
BMW,M240,2019,23000,31998
Mazda,MX-5,2021,14000,27998
Jaguar,XK,2014,36000,32998
Nissan,370Z,2014,59000,22998
Mini,Cooper,2015,36000,16998
Jaguar,F-Type,2019,26000,36998
Mazda,MX-5,2020,37000,22998
Mazda,MX-5,2022,19000,26998
Ford,Mustang,2020,33000,25998
Jaguar,XE,2018,43000,17998
Chevrolet,Camaro,2022,4000,42998
Jaguar,F-Type,2020,34000,36998
Ford,Mustang,2023,35000,27998
Dodge,Challenger,2019,48000,21998
Porsche,Panamera,2019,32000,52998
Chevrolet,Corvette,2016,8000,45998
Dodge,Challenger,2020,37000,34998
Mazda,MX-5,2019,9000,28998
Nissan,Z,2023,19000,43998
Mazda,MX-5,2023,24000,27998
Mazda,MX-5,2014,40000,17998
Dodge,Challenger,2022,33000,24998
Porsche,718,2019,45000,44998
Mazda,MX-5,2022,27000,26998
Toyota,Supra,2021,37000,48998
Nissan,370Z,2019,45000,26998
Chevrolet,Corvette,2016,1000,72998
Nissan,370Z,2014,91000,20998
Mazda,MX-5,2016,43000,19998
Mazda,MX-5,2021,31000,23998
Porsche,911,2017,31000,89998
Dodge,Dart,2014,60000,10998
Chevrolet,Corvette,2023,27000,73998
Ford,Mustang,2020,42000,23998
Nissan,370Z,2014,100000,19998
Mazda,MX-5,2020,9000,27998
Jaguar,F-Type,2021,3000,47998
Chevrolet,Corvette,2019,23000,54998
Mazda,MX-5,2021,27000,27998
Ford,Mustang,2024,2000,49998
Mazda,MX-5,2020,24000,24998
Dodge,Challenger,2022,26000,24998
Ford,Mustang,2020,39000,25998
Jaguar,XE,2017,41000,19998
Dodge,Challenger,2022,30000,26998
Subaru,WRX,2023,6000,33998
Genesis,G80,2019,86000,22998
Nissan,370Z,2019,15000,30998
Jaguar,F-Type,2020,35000,35998
Ford,Mustang,2021,58000,30998
Ford,Mustang,2020,48000,22998
Chevrolet,Corvette,2021,18000,70998
Dodge,Challenger,2022,21000,25998
Chevrolet,Corvette,2014,23000,40998
Chevrolet,Corvette,2016,18000,47998
Ford,Mustang,2023,47000,36998
Mazda,MX-5,2023,24000,26998
Chevrolet,Corvette,2018,48000,39998
Smart,Fortwo,2014,77000,8998
Chevrolet,Corvette,2022,17000,70998
Chevrolet,Corvette,2023,4000,75998
Ford,Mustang,2021,4000,27998
Ford,Mustang,2021,51000,21998
Mazda,MX-5,2020,34000,27998
BMW,Z4,2016,25000,26998
Dodge,Challenger,2019,90000,19998
Ford,Mustang,2023,41000,25998
Jaguar,F-Type,2016,22000,31998
Jaguar,F-Type,2017,43000,32998
Ford,Mustang,2017,79000,28998
Ford,Mustang,2020,42000,24998
Dodge,Charger,2018,31000,21998
Ford,Mustang,2020,28000,35998
Ford,Mustang,2020,63000,19998
Fiat,124,2017,17000,19998
Mercedes-Benz,SLC300,2018,24000,29998
Ford,Mustang,2016,86000,17998
Ford,Mustang,2021,50000,20998
BMW,230,2017,58000,18998
Mazda,MX-5,2019,18000,28998
BMW,Z4,2022,29000,35998
Mercedes-Benz,SLC300,2018,44000,27998
Ford,Mustang,2020,15000,25998
Ford,Mustang,2024,7000,40998
Subaru,WRX,2023,16000,31998
Audi,A5,2015,38000,19998
Mazda,MX-5,2023,4000,29998
Ford,Mustang,2020,10000,27998
Chevrolet,Camaro,2021,25000,37998
Mazda,MX-5,2022,5000,28998
Dodge,Challenger,2022,12000,48998
Ford,Mustang,2023,40000,34998
Jaguar,XE,2018,43000,19998
Ford,Mustang,2020,17000,22998
Audi,A5,2016,47000,19998
Chevrolet,Corvette,2022,8000,77998
Audi,e-tron,2023,12000,65998
Acura,TLX,2015,102000,17998
Dodge,Challenger,2020,14000,27998
Audi,S4,2020,23000,37998
BMW,Z4,2023,5000,61998
Jaguar,XE,2020,20000,22998
Ford,Mustang,2021,50000,22998
Dodge,Challenger,2022,39000,22998
Jaguar,F-Type,2017,42000,47998
Acura,TLX,2015,123000,13998
Chevrolet,Camaro,2020,57000,25998
Mercedes-Benz,SLK250,2014,25000,22998
Chevrolet,Corvette,2019,41000,45998
Acura,TLX,2018,38000,25998
Mazda,MX-5,2021,27000,24998
BMW,Z4,2020,39000,34998
Subaru,WRX,2023,19000,28998
BMW,M550,2020,56000,42998
Mini,Cooper,2018,52000,17998
Ford,Mustang,2020,50000,23998
Dodge,Challenger,2015,112000,16998
Dodge,Charger,2023,40000,20998
Audi,S4,2019,41000,33998
Dodge,Challenger,2017,47000,26998
Ford,Mustang,2024,2000,63998
Porsche,718,2017,41000,52998
Jaguar,F-Type,2020,34000,37998
Jaguar,XE,2020,49000,29998
BMW,M240,2020,28000,39998
Dodge,Challenger,2018,53000,23998
Dodge,Charger,2021,37000,39998
Ford,Mustang,2020,30000,23998
Toyota,Supra,2023,16000,42998
Porsche,911,2014,37000,67998
Ford,Mustang,2021,45000,23998
Dodge,Challenger,2022,22000,30998
BMW,M550,2020,22000,49998
Mercedes-Benz,C43,2023,12000,53998
Dodge,Charger,2021,11000,43998
Mercedes-Benz,SLK300,2016,38000,24998
Ford,Mustang,2019,11000,63998
Chevrolet,Corvette,2019,47000,44998
Chevrolet,Corvette,2021,8000,69998
Mazda,MX-5,2024,2000,28998
Dodge,Challenger,2022,57000,24998
Dodge,Challenger,2020,51000,35998
Jaguar,XE,2019,49000,21998
Chevrolet,Corvette,2022,26000,69998
Nissan,370Z,2020,20000,30998
Mazda,MX-5,2020,3000,31998
Chevrolet,Camaro,2016,71000,19998
Chevrolet,SS,2014,75000,33998
Dodge,Charger,2021,26000,42998
Mercedes-Benz,C43,2023,6000,58998
Chevrolet,Camaro,2017,58000,24998
Chevrolet,Corvette,2020,9000,65998
Dodge,Challenger,2022,28000,45998
Volkswagen,Eos,2015,24000,19998
Audi,A5,2018,70000,22998
Lexus,RC,2020,46000,36998
Audi,S4,2019,44000,36998
Dodge,Charger,2023,41000,24998
Porsche,Cayman,2016,24000,55998
Chevrolet,Camaro,2018,26000,40998
Dodge,Challenger,2019,58000,23998
Dodge,Challenger,2019,23000,32998
Acura,TLX,2020,47000,24998
Dodge,Charger,2021,8000,44998
Mazda,MX-5,2017,24000,24998
Dodge,Charger,2021,4000,43998
Chevrolet,Corvette,2014,32000,41998
Chevrolet,Camaro,2014,7000,23998
Acura,TLX,2015,52000,18998
Jaguar,F-Type,2016,10000,35998
Chevrolet,Camaro,2020,60000,20998
Chevrolet,Corvette,2023,2000,78998
Chevrolet,Camaro,2015,18000,28998
Chevrolet,Camaro,2018,63000,23998
Dodge,Challenger,2022,43000,26998
Fiat,124,2017,19000,18998
Chevrolet,Corvette,2015,56000,39998
Dodge,Challenger,2020,20000,48998
Ford,Mustang,2015,50000,28998
Mercedes-Benz,SLC300,2017,36000,26998
Jaguar,XE,2019,72000,18998
Dodge,Challenger,2018,58000,22998
Chevrolet,Camaro,2018,26000,26998
Audi,A5,2019,61000,24998
Audi,S5,2019,25000,40998
Dodge,Challenger,2018,43000,26998
Dodge,Challenger,2019,50000,24998
Mazda,MX-5,2022,4000,29998
Dodge,Charger,2023,4000,27998
Lexus,LC,2021,20000,70998
Porsche,718,2019,32000,65998
Audi,RS3,2020,25000,53998
Genesis,G80,2018,125000,21998
Dodge,Charger,2023,9000,25998
Jaguar,F-Type,2019,25000,40998
Smart,Fortwo,2016,10000,15998
Chevrolet,Camaro,2021,13000,62998
Chevrolet,Corvette,2022,4000,79998
Porsche,Panamera,2014,54000,42998
Jaguar,XE,2017,39000,21998
Dodge,Challenger,2014,122000,16998
Dodge,Challenger,2020,10000,28998
Dodge,Challenger,2018,76000,22998
Jaguar,XE,2019,73000,19998
Dodge,Charger,2018,93000,19998
Porsche,Cayman,2014,41000,37998
Chevrolet,Corvette,2023,27000,64998
Dodge,Charger,2021,18000,43998
Chevrolet,Camaro,2017,44000,31998
Hyundai,Genesis,2014,49000,20998
Mazda,MX-5,2019,35000,24998
Dodge,Charger,2021,16000,42998
Cadillac,CT4-V,2023,16000,58998
Lexus,RC,2015,96000,23998
Chevrolet,Corvette,2017,11000,66998
Acura,TLX,2020,57000,22998
Audi,A5,2019,44000,24998
Honda,CR-Z,2014,99000,14998
Dodge,Challenger,2016,95000,21998
Jaguar,XE,2017,59000,20998
Toyota,Supra,2023,10000,42998
Acura,TLX,2019,56000,22998
Dodge,Challenger,2018,115000,18998
Chevrolet,Camaro,2022,3000,40998
Chevrolet,Corvette,2014,12000,45998
Dodge,Challenger,2022,36000,24998
Ford,Mustang,2019,109000,17998
Mazda,MX-5,2016,79000,17998
Scion,FR-S,2013,105000,14998
Mercedes-Benz,SLK250,2015,40000,20998
Chevrolet,Corvette,2024,2000,65998
Dodge,Challenger,2014,102000,18998
Dodge,Challenger,2017,107000,18998
Dodge,Challenger,2022,50000,24998
Mazda,MX-5,2015,23000,20998
Dodge,Charger,2021,42000,40998
Dodge,Challenger,2019,33000,37998
Jaguar,XE,2017,43000,20998
Ford,Mustang,2021,21000,39998
Toyota,Supra,2021,52000,35998
Dodge,Challenger,2022,23000,47998
Dodge,Challenger,2020,57000,39998
Jaguar,XE,2017,66000,17998
Dodge,Charger,2023,29000,25998
Ford,Mustang,2020,37000,35998
Chevrolet,Camaro,2020,39000,27998
Dodge,Challenger,2017,126000,18998
Dodge,Charger,2021,13000,41998
Genesis,G80,2018,53000,21998
Ford,Mustang,2022,53000,24998
Porsche,Panamera,2018,49000,47998
Ford,Mustang,2024,9000,33998
Hyundai,Genesis,2013,68000,16998
Porsche,911,2017,29000,76998
Acura,TLX,2020,46000,23998
Dodge,Challenger,2022,43000,24998
Toyota,86,2020,26000,28998
Acura,TLX,2020,78000,26998
Ford,Mustang,2023,14000,31998
Chevrolet,Camaro,2022,8000,37998
Jaguar,XE,2017,57000,20998
Ford,Mustang,2023,30000,28998
Jaguar,F-Type,2014,53000,29998
Dodge,Challenger,2022,18000,32998
Mazda,MX-5,2015,59000,16998
Ford,Mustang,2020,25000,32998
Dodge,Challenger,2018,98000,19998
Ford,Mustang,2023,29000,36998
Chevrolet,Camaro,2015,73000,17998
Dodge,Challenger,2022,25000,26998
Honda,CR-Z,2014,80000,14998
Audi,A5,2019,10000,29998
Acura,TLX,2015,68000,18998
Chevrolet,Corvette,2020,23000,65998
Audi,TT,2018,27000,32998
Ford,Mustang,2020,21000,24998
Porsche,911,2016,56000,59998
Dodge,Challenger,2022,33000,25998
BMW,M550,2020,53000,42998
Audi,A5,2014,59000,18998
Dodge,Challenger,2016,20000,34998
Audi,S5,2018,18000,35998
Dodge,Charger,2023,6000,55998
Hyundai,Genesis,2016,31000,22998
Chevrolet,Corvette,2017,46000,58998
Acura,TLX,2015,111000,16998
Jaguar,XE,2020,43000,28998
BMW,M550,2019,50000,38998
Dodge,Challenger,2020,55000,28998
Ford,Mustang,2022,60000,23998
Ford,Mustang,2014,95000,24998
Chevrolet,Corvette,2015,35000,40998
Chevrolet,Corvette,2021,23000,64998
BMW,M4,2016,46000,42998
Dodge,Charger,2023,36000,25998
Chevrolet,Corvette,2022,9000,67998
Dodge,Challenger,2022,53000,24998
BMW,M3,2024,3000,78998
Mazda,MX-5,2020,4000,29998
Chevrolet,Camaro,2019,65000,22998
Mercedes-Benz,SLK350,2015,61000,23998
Acura,TLX,2017,60000,19998
Mercedes-Benz,E43,2018,47000,36998
Mazda,MX-5,2013,22000,19998
Mazda,MX-5,2020,42000,25998
Nissan,370Z,2017,22000,29998
Chevrolet,Camaro,2018,75000,26998
Acura,TLX,2017,84000,17998
Jaguar,XE,2017,47000,20998
Dodge,Challenger,2018,85000,21998
Scion,FR-S,2015,55000,20998
Ford,Mustang,2016,28000,29998
Scion,FR-S,2015,78000,20998
Ford,Mustang,2020,5000,40998
BMW,M4,2016,33000,44998
Chevrolet,Camaro,2020,26000,41998
Jaguar,XE,2017,49000,18998
Chevrolet,Camaro,2017,19000,24998
Lexus,RC,2018,66000,31998
Dodge,Charger,2021,24000,41998
Ford,Mustang,2024,4000,35998
Ford,Mustang,2015,62000,27998
Chevrolet,Corvette,2015,22000,61998
Honda,CR-Z,2015,82000,16998
Hyundai,Genesis,2016,85000,17998
BMW,M4,2015,49000,41998
Scion,FR-S,2014,112000,15998
Toyota,Supra,2021,70000,45998
Chevrolet,Corvette,2015,30000,41998
Porsche,718,2018,14000,65998
Jaguar,XE,2019,59000,20998
Mazda,MX-5,2019,36000,21998
Chevrolet,Corvette,2014,26000,41998
Volkswagen,GTI,2015,86000,17998
Ford,Mustang,2019,5000,44998
Porsche,911,2014,37000,62998
Jaguar,XF,2016,58000,18998
Mazda,MX-5,2016,94000,15998
Ford,Mustang,2020,49000,24998
Porsche,718,2018,52000,45998
Honda,CR-Z,2014,86000,14998
BMW,M4,2018,48000,41998
BMW,Z4,2020,29000,43998
Acura,TLX,2019,65000,20998
Chevrolet,Corvette,2020,10000,60998
Lexus,RC,2019,45000,29998
Acura,TLX,2020,39000,24998
Ford,Mustang,2019,31000,39998
Scion,tC,2016,117000,13998
Dodge,Charger,2021,35000,38998
Chevrolet,Camaro,2019,41000,27998
Porsche,Panamera,2018,38000,59998
Ford,Mustang,2018,55000,46998
Toyota,Supra,2020,53000,45998
Dodge,Challenger,2019,32000,25998
BMW,M4,2015,34000,40998
Chevrolet,Corvette,2020,43000,65998
Acura,TLX,2015,99000,18998
Nissan,Z,2023,8000,38998
BMW,M4,2019,29000,52998
Chevrolet,Corvette,2024,4000,74998
Dodge,Charger,2018,81000,22998
Jaguar,F-Type,2018,9000,35998
Mazda,MX-5,2019,5000,27998
Chevrolet,Corvette,2023,13000,74998
Chevrolet,Corvette,2016,17000,46998
Chevrolet,Corvette,2017,9000,51998
Jaguar,XE,2020,51000,21998
Smart,Fortwo,2015,8000,15998
Ford,Mustang,2018,14000,59998
Dodge,Challenger,2022,34000,24998
Jaguar,F-Type,2016,35000,41998
Honda,CR-Z,2013,62000,15998
Mazda,MX-5,2023,4000,31998
Dodge,Challenger,2015,106000,18998
Lexus,LC,2018,65000,57998
Chevrolet,Camaro,2017,63000,25998
BMW,M2,2020,9000,51998
Lexus,LC,2018,47000,56998
Porsche,718,2018,29000,60998
Acura,TLX,2015,63000,17998
Acura,TLX,2020,39000,29998
BMW,M550,2018,59000,30998
Genesis,G80,2017,35000,28998
Acura,TLX,2015,78000,18998
Chevrolet,Camaro,2020,57000,33998
Mazda,MX-5,2022,22000,28998
Dodge,Dart,2014,48000,14998
Scion,tC,2013,125000,11998
Jaguar,XF,2017,51000,20998
Chevrolet,Corvette,2023,6000,67998
Ford,Mustang,2024,13000,34998
Ford,Mustang,2014,94000,23998
Mazda,MX-5,2021,5000,29998
Chevrolet,Corvette,2024,7000,66998
Mercedes-Benz,E43,2018,14000,46998
Acura,TLX,2020,31000,25998
Jaguar,F-Type,2017,29000,44998
Chevrolet,Corvette,2023,10000,70998
Chevrolet,Camaro,2019,19000,59998
Chevrolet,Corvette,2020,9000,70998
Mazda,MX-5,2021,49000,22998
BMW,Z4,2022,2000,52998
Porsche,718,2017,23000,47998
Chevrolet,Corvette,2021,4000,63998
Fiat,124,2018,66000,19998
Smart,Fortwo,2015,73000,8998
Mercedes-Benz,SLC300,2018,16000,32998
Audi,S5,2016,27000,32998
Chevrolet,Camaro,2018,78000,33998
Fiat,124,2020,23000,24998
BMW,Z4,2019,48000,33998
Ford,Mustang,2019,71000,29998
Jaguar,F-Type,2018,41000,44998
Chevrolet,Camaro,2023,1000,38998
Chevrolet,Corvette,2015,73000,32998
Dodge,Challenger,2020,39000,42998
Chevrolet,Corvette,2022,32000,72998
Dodge,Charger,2023,3000,28998
Ford,Mustang,2024,4000,46998
Ford,Mustang,2019,31000,32998
Chevrolet,Corvette,2023,2000,84998
Audi,A5,2018,48000,23998
Toyota,Supra,2020,3000,53998
BMW,M2,2016,60000,32998
Porsche,Cayman,2015,37000,42998
Mazda,MX-5,2020,30000,23998
Lexus,LC,2019,13000,70998
Mazda,MX-5,2020,6000,28998
Porsche,718,2019,58000,45998
Ford,Mustang,2020,10000,80998
Hyundai,Genesis,2013,54000,18998
Ford,Mustang,2019,9000,41998
Chevrolet,Corvette,2014,21000,41998
Dodge,Challenger,2019,78000,22998
Dodge,Challenger,2017,45000,30998
Dodge,Charger,2023,53000,22998
Mazda,MX-5,2014,59000,18998
Dodge,Challenger,2022,49000,24998
Chevrolet,Camaro,2016,67000,29998
Nissan,370Z,2016,96000,20998
Jaguar,XE,2017,66000,15998
Ford,Mustang,2020,11000,80998
Dodge,Charger,2023,40000,22998
Mazda,MX-5,2017,33000,22998
Dodge,Challenger,2022,8000,33998
Chevrolet,Camaro,2015,48000,19998
Chevrolet,Corvette,2015,28000,63998
Chevrolet,Camaro,2018,50000,23998
Ford,Mustang,2017,48000,20998
Chevrolet,Corvette,2014,22000,42998
Dodge,Challenger,2019,78000,25998
Genesis,G80,2017,54000,20998
Dodge,Challenger,2020,66000,24998
Chevrolet,Corvette,2023,32000,62998
Ford,Mustang,2024,12000,34998
Hyundai,Genesis,2016,69000,19998
Chevrolet,Corvette,2015,47000,40998
Mazda,MX-5,2022,6000,26998
Mazda,MX-5,2020,31000,25998
BMW,M550,2018,35000,38998
Chevrolet,Corvette,2016,3000,69998
Dodge,Charger,2021,38000,41998
Porsche,Boxster,2015,49000,36998
Hyundai,Genesis,2014,89000,15998
Ford,Mustang,2017,23000,49998
Audi,S3,2016,55000,24998
Acura,TLX,2017,121000,15998
Chevrolet,Corvette,2016,4000,70998
Ford,Mustang,2024,8000,46998
Nissan,370Z,2019,6000,41998
BMW,230,2020,63000,22998
Dodge,Challenger,2016,51000,22998
Dodge,Challenger,2020,45000,25998
Chevrolet,Corvette,2014,57000,37998
BMW,M2,2017,69000,33998
BMW,M5,2020,19000,68998
Ford,Mustang,2016,97000,38998
Porsche,911,2014,46000,69998
Audi,S6,2014,53000,23998
Chevrolet,Camaro,2020,6000,39998
Lexus,RC,2015,64000,40998
Chevrolet,Camaro,2019,12000,59998
Chevrolet,Camaro,2015,54000,42998
Chevrolet,Corvette,2019,29000,46998
Dodge,Challenger,2019,50000,21998
Chevrolet,Camaro,2019,28000,58998
Genesis,G80,2017,29000,23998
Chevrolet,Corvette,2022,37000,60998
Ford,Mustang,2016,70000,18998
Mazda,MX-5,2024,8000,28998
Jaguar,XE,2017,67000,20998
Mercedes-Benz,SLK250,2014,34000,21998
Chevrolet,Camaro,2016,70000,29998
Mercedes-Benz,SLK250,2014,11000,24998
BMW,M3,2017,36000,48998
Toyota,Supra,2023,10000,57998
Ford,Mustang,2024,4000,60998
Genesis,G80,2019,40000,29998
Audi,TT,2017,49000,28998
Chevrolet,Camaro,2020,46000,23998
Mercedes-Benz,AMG,2018,27000,79998
Audi,RS5,2019,47000,48998
Lexus,RC,2019,39000,38998
Ford,Mustang,2015,54000,19998
Chevrolet,Corvette,2015,10000,44998
BMW,M3,2018,55000,46998
Dodge,Challenger,2018,48000,21998
Dodge,Challenger,2022,44000,21998
BMW,230,2017,45000,21998
Ford,Mustang,2024,17000,34998
Lexus,LC,2018,19000,63998
Ford,Mustang,2024,13000,34998
Ford,Mustang,2013,90000,15998
Hyundai,Genesis,2014,82000,17998
Porsche,911,2014,26000,73998
Audi,S5,2022,17000,51998
Ford,Mustang,2020,51000,19998
Mazda,MX-5,2020,3000,26998
Ford,Mustang,2021,53000,20998
Dodge,Charger,2021,25000,42998
Lexus,RC,2015,42000,41998
Smart,Fortwo,2015,23000,11998
Ford,Mustang,2021,51000,19998
Chevrolet,Corvette,2016,53000,60998
Jaguar,XF,2016,25000,25998
Lexus,RC,2019,42000,33998
Ford,Mustang,2022,48000,24998
Mercedes-Benz,E43,2018,14000,47998
Volkswagen,Jetta,2019,57000,19998
Mazda,MX-5,2016,37000,19998
Ford,Mustang,2013,116000,12599
Smart,Fortwo,2015,24000,13998
Ford,Mustang,2024,22000,38998
Cadillac,CT4-V,2023,8000,59998
Honda,CR-Z,2014,100000,13998
Dodge,Challenger,2019,61000,20998
BMW,M3,2018,60000,50998
Ford,Mustang,2014,66000,22998
Chevrolet,Corvette,2022,4000,77998
Chevrolet,Camaro,2017,58000,33998
Jaguar,XE,2018,67000,23998
Dodge,Challenger,2019,99000,22998
Nissan,370Z,2014,36000,25998
Chevrolet,Corvette,2023,9000,71998
Chevrolet,Corvette,2020,13000,66998
Chevrolet,Camaro,2017,65000,29998
Chevrolet,Camaro,2013,78000,31998
Chevrolet,Camaro,2015,51000,17998
Acura,TLX,2018,112000,16998
Chevrolet,Camaro,2019,57000,23998
Chevrolet,Camaro,2015,12000,19998
Dodge,Challenger,2022,44000,25998
Dodge,Challenger,2020,72000,21998
Mercedes-Benz,SLC300,2020,16000,35998
Toyota,86,2020,56000,22998
Ford,Mustang,2015,61000,25998
Porsche,Cayman,2014,54000,35998
Genesis,G80,2017,121000,16998
Mercedes-Benz,SLC300,2019,53000,26998
Chevrolet,Corvette,2022,14000,67998
Dodge,Charger,2023,8000,25998
Chevrolet,Camaro,2020,15000,64998
Hyundai,Genesis,2014,51000,18998
Nissan,370Z,2016,87000,28998
Dodge,Challenger,2018,47000,21998
Dodge,Challenger,2019,54000,23998
Toyota,Supra,2022,12000,53998
Chevrolet,Camaro,2018,69000,21998
Chevrolet,Corvette,2016,31000,45998
Chevrolet,Camaro,2018,80000,29998
Dodge,Charger,2021,69000,36998
Mercedes-Benz,SL550,2014,39000,34998
Mazda,MX-5,2023,13000,28998
Ford,Mustang,2018,20000,54998
Scion,FR-S,2014,109000,14998
Ford,Mustang,2022,49000,24998
Mazda,MX-5,2022,14000,28998
Ford,Mustang,2020,47000,20998
Toyota,Supra,2022,14000,50998
Mazda,MX-5,2022,19000,26998
Chevrolet,Corvette,2017,35000,64998
Jaguar,F-Type,2017,19000,58998
Chevrolet,Corvette,2020,26000,66998
Chevrolet,SS,2017,31000,44998
Ford,Mustang,2020,100000,17998
Porsche,911,2014,29000,62998
Jaguar,XE,2019,53000,19998
Audi,A5,2017,61000,20998
Jaguar,XE,2018,52000,17998
Chevrolet,Corvette,2024,2000,66998
Ford,Mustang,2021,51000,21998
Lexus,RC,2015,79000,24998
Chevrolet,Camaro,2016,43000,32998
Chevrolet,Camaro,2021,28000,37998
Porsche,718,2018,25000,56998
Audi,A5,2018,41000,24998
Scion,FR-S,2013,99000,15998
Mazda,MX-5,2016,22000,20998
Scion,FR-S,2014,82000,16998
Toyota,Supra,2021,35000,48998
Jaguar,F-Type,2017,21000,48998
Porsche,911,2017,56000,74998
Mercedes-Benz,SLK300,2016,59000,19998
Porsche,Panamera,2018,33000,49998
Lexus,RC,2015,110000,22998
Ford,Mustang,2015,96000,21998
Chevrolet,Camaro,2018,65000,24998
BMW,M2,2020,49000,46998
Acura,TLX,2019,56000,26998
Mazda,MX-5,2018,13000,23998
Scion,FR-S,2016,65000,18998
Genesis,G80,2018,63000,24998
Ford,Mustang,2023,11000,42998
Ford,Mustang,2024,6000,33998
Dodge,Challenger,2020,30000,25998
Chevrolet,Corvette,2016,25000,41998
Genesis,G80,2018,77000,23998
Acura,TLX,2019,53000,21998
BMW,M4,2015,59000,35998
Ford,Mustang,2020,50000,21998
Mazda,MX-5,2023,5000,29998
Dodge,Challenger,2022,48000,21998
Ford,Mustang,2017,52000,19998
BMW,M760,2018,31000,55998
Acura,TLX,2015,121000,14998
Porsche,Panamera,2016,41000,35998
Acura,TLX,2020,9000,26998
Chevrolet,Corvette,2023,27000,62998
